{
  "10": [
    {
      "uk": ["1 М", "1М", "I М", "Бт", "Бут", "Бут ⚒", "Буття", "Книга Буття", "Перва книга Мойсея", "Перший рукопис Моше: Буття"]
    }
  ],
  "20": [
    {
      "uk": ["2 М", "2М", "II М", "Вих", "Вих ⚒", "Вихід", "Вх", "Друга книга Мойсея", "Другий рукопис Моше: Вихід", "Книга Вихід"]
    }
  ],
  "30": [
    {
      "uk": ["3 М", "3М", "III М", "Книга Левит", "ЛЕВІТИ", "Лв", "Лев", "Лев ⚒", "Левит", "Левіт", "Левітів", "Третя книга Мойсея", "Третій рукопис Моше: Левит"]
    }
  ],
  "40": [
    {
      "uk": ["4 М", "4М", "IV М", "Книга Числа", "Четверта книга Мойсея", "Четвертий рукопис Моше: Числа", "Чис", "Чис ⚒", "Числ", "Числа", "Чс"]
    }
  ],
  "50": [
    {
      "uk": ["5 М", "5М", "V М", "Втор", "Втор ⚒", "Второзаконня", "Книга Повторення Закону", "П'ятий рукопис Моше: Повторення Тори", "Пв", "Пов", "Повт", "Повторення Закону", "Повт Закону", "Пята книга Мойсея"]
    }
  ],
  "60": [
    {
      "uk": ["Iсус Навин", "Єг", "І Н", "ІНав", "ІсН", "Ісус Навин", "Ісуса Нави́на", "Ісуса Навина", "Іс Нав", "Іс Навин", "Йєгошуа ⚒", "Книга Ісуса Навина", "Книга Ісуса Навина (Иозея Нуненка)", "Нав", "Рукопис Йєгошуа Навіна (син Навіна)"]
    }
  ],
  "70": [
    {
      "uk": ["Книга Суддiв", "Книга Суддів", "Книга Суддїв", "Книга суддів Ізраїлевих", "Рукопис Суддів", "Сд", "Суд", "Суд ⚒", "Судді", "Суддів"]
    }
  ],
  "80": [
    {
      "uk": ["КНИГА РУФ", "Книга Рут", "Книга Рути", "Книга Руфі", "Рт", "Рукопис Рут", "Рут", "Рут ⚒", "Рута", "Руф"]
    }
  ],
  "90": [
    {
      "uk": ["1 Книга Самуїла", "1 САМУЇЛА", "1 Сам", "1 Сам ⚒", "1 Самуїл", "1 См", "1 ЦАРСТВ", "1-а Самуїлова", "1-ша Самуїлова", "1Книга Самуїла", "1САМУЇЛА", "1Сам", "1Сам ⚒", "1Самуїл", "1См", "1ЦАРСТВ", "I Книга Самуїла", "I САМУЇЛА", "I Сам", "I Сам ⚒", "I Самуїл", "I См", "I ЦАРСТВ", "Перва книга Самуїлова", "Перша книга Царств", "Перша книга Царів", "Перший рукопис Самуїла (Перший рукопис царств)"]
    }
  ],
  "100": [
    {
      "uk": ["2 Книга Самуїла", "2 САМУЇЛА", "2 Сам", "2 Сам ⚒", "2 Самуїл", "2 См", "2 ЦАРСТВ", "2-а Самуїлова", "2-га Самуїлова", "2Книга Самуїла", "2САМУЇЛА", "2Сам", "2Сам ⚒", "2Самуїл", "2См", "2ЦАРСТВ", "II Книга Самуїла", "II САМУЇЛА", "II Сам", "II Сам ⚒", "II Самуїл", "II См", "II ЦАРСТВ", "Друга книга Самуїлова", "Друга книга Царств", "Другий рукопис Самуїла (Другий рукопис царств)"]
    }
  ],
  "110": [
    {
      "uk": ["1 Книга Царів", "1 ЦАРІВ", "1 Цар", "1 Царі", "1 Цр", "1 цар ⚒", "1-а царiв", "1-ша царів", "1Книга Царів", "1ЦАРІВ", "1Цар", "1Царі", "1Цр", "1цар ⚒", "3 ЦАРСТВ", "3 Цар", "3ЦАРСТВ", "3Цар", "I Книга Царів", "I ЦАРІВ", "I Цар", "I Царі", "I Цр", "I цар ⚒", "III ЦАРСТВ", "III Цар", "Перва книга Царів", "Перший рукопис царів (Третій рукопис царств)", "Третя книга Царств", "Третя книга Царів"]
    }
  ],
  "120": [
    {
      "uk": ["2 Книга Царів", "2 ЦАРІВ", "2 Цар", "2 Царі", "2 Цр", "2 цар ⚒", "2-а царiв", "2-га царів", "2Книга Царів", "2ЦАРІВ", "2Цар", "2Царі", "2Цр", "2цар ⚒", "4 ЦАРСТВ", "4 Цар", "4ЦАРСТВ", "4Цар", "II Книга Царів", "II ЦАРІВ", "II Цар", "II Царі", "II Цр", "II цар ⚒", "IV ЦАРСТВ", "IV Цар", "Друга книга Царів", "Другий рукопис царів (Четвертий рукопис царств)", "Четверта книга Царств", "Четверта книга Царів"]
    }
  ],
  "130": [
    {
      "uk": ["1 Книга Хронік", "1 Літ", "1 Пар", "1 Параліпоменон", "1 ХРОНІК", "1 Хр", "1 Хроніка", "1 хрон ⚒", "1-а хронiки", "1-ша хроніки", "1Книга Хронік", "1Літ", "1Пар", "1Параліпоменон", "1ХРОНІК", "1Хр", "1Хроніка", "1хрон ⚒", "I Книга Хронік", "I Літ", "I Пар", "I Параліпоменон", "I ХРОНІК", "I Хр", "I Хроніка", "I хрон ⚒", "Перша книга Літопису", "Перша книга Паралипоменон", "Перший рукопис хронік"]
    }
  ],
  "140": [
    {
      "uk": ["2 Книга Хронік", "2 Літ", "2 Пар", "2 Параліпоменон", "2 ХРОНІК", "2 Хр", "2 Хроніка", "2 хрон ⚒", "2-а хронiки", "2-га хроніки", "2Книга Хронік", "2Літ", "2Пар", "2Параліпоменон", "2ХРОНІК", "2Хр", "2Хроніка", "2хрон ⚒", "II Книга Хронік", "II Літ", "II Пар", "II Параліпоменон", "II ХРОНІК", "II Хр", "II Хроніка", "II хрон ⚒", "Друга книга Літопису", "Друга книга Паралипоменон", "Другий рукопис хронік"]
    }
  ],
  "150": [
    {
      "uk": ["1 Езд", "1 Ездри", "1Езд", "1Ездри", "I Езд", "I Ездри", "ЄЗДРИ", "Єзд", "Езр", "Езд", "Ездра", "Ездра ⚒", "Ездри", "Езра", "Езри", "Книга Ездри", "Перша книга Ездри", "Рукопис Ездри"]
    }
  ],
  "160": [
    {
      "uk": ["Книга Неемії", "Книга Неємії", "НЕЄМІЇ", "Не", "Неем", "Неемı́ї", "Неемія", "Неемії", "Неєм", "Неєм ⚒", "Неємія", "Рукопис Неємії"]
    }
  ],
  "165": [
    {
      "uk": ["2 Езд", "2 Ездри", "2 Ездри ⚒", "2Езд", "2Ездри", "2Ездри ⚒", "II Езд", "II Ездри", "II Ездри ⚒", "Друга книга Ездри*", "Другий рукопис Ездра"]
    }
  ],
  "170": [
    {
      "uk": ["Книга Товита*", "Рукопис Товіта", "Тов", "Тов ⚒", "Товит", "Товита"]
    }
  ],
  "180": [
    {
      "uk": ["Книга Юдифі", "Рукопис Йудіфі", "Юдф", "Юдт", "Юдит", "Юдит ⚒", "Юдита", "Юдити", "Юдиф"]
    }
  ],
  "190": [
    {
      "uk": ["ЕСФІР", "Ес", "Ест", "Естер", "Естер ⚒", "Естера", "Естери", "Есф", "Книга Естер", "Книга Естери", "Книга Есфирі", "Рукопис Естер"]
    }
  ],
  "220": [
    {
      "uk": ["Іов", "Йв", "Йов", "Йов ⚒", "Йова", "Книга Іова", "Книга Йова", "Рукопис Йова"]
    }
  ],
  "230": [
    {
      "uk": ["КНИГА ПСАЛМІВ", "Пс", "Пс ⚒", "Псалми", "Псалмів", "Псалтир", "Псалтирь", "Рукопис Псалмів"]
    }
  ],
  "240": [
    {
      "uk": ["Книга Приказок", "Книга Приповісток Соломонових", "Книга Притчі", "Книга притч Соломонових", "Пр", "Прип", "Припов ⚒", "Приповiстi", "Приповідки", "Приповістей", "Приповісті", "Прислів’я", "Прит", "Притч", "Притчі", "Рукопис приказок Соломона"]
    }
  ],
  "250": [
    {
      "uk": ["ЕКЛЕЗІАСТА", "Ек", "Екк", "Еккл", "Екклез ⚒", "Екклезiяст", "Екклезіаст", "Екклезіаста", "Екклезіяст", "Екклезіястова", "Екл", "Книга Екклезіаста або Проповідника", "Книга Екклезіаста, або Проповідника", "Книга Екклезіяста", "Проп", "Проповідник", "Рукопис Екклезіяста (Проповідника)"]
    }
  ],
  "260": [
    {
      "uk": ["Книга Пісня Пісней", "Книга пісні пісень Соломона", "П п", "Пiсня над пiснями", "Пiсня ⚒", "ППісн", "Псн", "Пісн", "Пісня над піснями", "Пісня пісень"]
    }
  ],
  "270": [
    {
      "uk": ["Книга премудрости Соломона*", "Муд", "Мудр", "Мудрість", "Мудрість Соломона", "ПрСол ⚒", "Прем", "Премудрість Соломона"]
    }
  ],
  "272": [
    {
      "uk": ["ПсСол ⚒", "Псалми Соломона"]
    }
  ],
  "280": [
    {
      "uk": ["Книга премудрости Ісуса, сина Сирахового*", "Рукопис Сіраха", "Сир", "Сир ⚒", "Сирах", "Сираха"]
    }
  ],
  "290": [
    {
      "uk": ["Iсая", "Iсая ⚒", "Іс", "Ісая", "Ісаї", "Книга Пророка Ісаї", "Книга Пророка Ісаїї", "Рукопис пророка Ісаї"]
    }
  ],
  "300": [
    {
      "uk": ["Єр", "Єрем ⚒", "Єремiя", "Єремı́ї", "Єремія", "Єремії", "Книга Пророка Єремії", "Книга Пророка Еремії", "Книги пророка Єремії", "Рукопис пророка Єремії"]
    }
  ],
  "310": [
    {
      "uk": ["Книга Плач Еремії", "Книга плач Єремії", "Пл", "Пл Єр", "ПлЄр", "Плач", "Плач Єр ⚒", "Плач Єремiї", "Плач Єремı́ї", "Плач Єремії"]
    }
  ],
  "315": [
    {
      "uk": ["ЛЄр", "Лист Єр", "Лист Єремії", "Посл Єр", "Послання Єремії*"]
    }
  ],
  "320": [
    {
      "uk": ["Вар", "Вар ⚒", "Варух", "Варуха", "Книга пророка Варуха*", "Рукопис Варуха"]
    }
  ],
  "330": [
    {
      "uk": ["Єз", "Єзек", "Єзек ⚒", "Єзекiїль", "Єзекиїл", "Єзекіїла", "Єзекіїль", "Єзекіїля", "Єзк", "Ез", "Книга Езекиїла", "Книга Пророка Езекиїла", "Книга пророка Єзекиїля", "Книга пророка Єзекіїла", "Рукопис пророка Єзекіїля"]
    }
  ],
  "340": [
    {
      "uk": ["Дан", "Дан ⚒", "Даниїл", "Даниїла", "Дн", "Книга Пророка Даниїла", "Рукопис пророка Даниїла"]
    }
  ],
  "350": [
    {
      "uk": ["Книга Пророка Осії", "Ос", "Осiя", "Осiя ⚒", "Осı́ї", "Осія", "Осії", "Рукопис пророка Осії"]
    }
  ],
  "360": [
    {
      "uk": ["ІОЇЛЯ", "Іоїл", "Йл", "Йоіл", "Йоіла", "Йоїл", "Йоїл ⚒", "Йоїла", "Книга Пророка Йоіла", "Книга пророка Іоїля", "Рукопис пророка Йоіла"]
    }
  ],
  "370": [
    {
      "uk": ["Ам", "Амо́са", "Амос", "Амос ⚒", "Амоса", "Книга Пророка Амоса", "Рукопис пророка Амоса"]
    }
  ],
  "380": [
    {
      "uk": ["Авд", "Авдiй ⚒", "Авдій", "Авдія", "Книга Пророка Авдія", "Книга пророка Овдія", "Ов", "Овд", "Овдiй", "Овдı́я", "Овдій", "Овдія", "Рукопис пророка Овдія"]
    }
  ],
  "390": [
    {
      "uk": ["ІОНИ", "Іон", "Іона", "Йн", "Йон", "Йона", "Йона ⚒", "Йони", "Книга Пророка Йони", "Книга пророка Іони", "Рукопис пророка Йони"]
    }
  ],
  "400": [
    {
      "uk": ["Книга Пророка Михея", "Мих", "Михей", "Михей ⚒", "Михея", "Міх", "Міхей", "Міхея", "Рукопис пророка Михея"]
    }
  ],
  "410": [
    {
      "uk": ["Книга Пророка Наума", "Книга порока Наума", "На", "Наум", "Наум ⚒", "Наума", "Рукопис пророка Наума"]
    }
  ],
  "420": [
    {
      "uk": ["Абак ⚒", "Ав", "Авак", "Аваккума", "Авакум", "Авакума", "Авв", "Аввакума", "Книга Пророка Аввакума", "Книга пророка Авакума", "Рукопис пророка Авакума"]
    }
  ],
  "430": [
    {
      "uk": ["Книга Пророка Софонїї", "Книга пророка Софонії", "Рукопис пророка Софонії", "Соф", "Соф ⚒", "Софонiя", "Софонı́ї", "Софонія", "Софонії", "Сф"]
    }
  ],
  "440": [
    {
      "uk": ["АГГЕЯ", "Аг", "Агг", "Аггай ⚒", "Аггей", "Ангея", "Книга Пророка Аггея", "Книга пророка Огія", "Ог", "Огiй", "Огı́я", "Огій", "Огія", "Оґ", "Оґія", "Рукопис пророка Огія"]
    }
  ],
  "450": [
    {
      "uk": ["Зах", "Зах ⚒", "Заха́рія", "Захарiя", "Захарія", "Захарії", "Зх", "Книга Пророка Захарії", "Рукопис пророка Захарії"]
    }
  ],
  "460": [
    {
      "uk": ["Книга Пророка Малахія", "Книга пророка Малахії", "Мал", "Мал ⚒", "Малахiї", "Малахı́ї", "Малахія", "Малахії", "Мл", "Рукопис пророка Малахії"]
    }
  ],
  "462": [
    {
      "uk": ["1 Ма", "1 Ма ⚒", "1 Мак", "1 Макавеї", "1 Макавеїв", "1 Маккавеїв", "1Ма", "1Ма ⚒", "1Мак", "1Макавеї", "1Макавеїв", "1Маккавеїв", "I Ма", "I Ма ⚒", "I Мак", "I Макавеї", "I Макавеїв", "I Маккавеїв", "Перша книга Маккавейська*", "Перший рукопис Маккавеїв"]
    }
  ],
  "464": [
    {
      "uk": ["2 Ма", "2 Ма ⚒", "2 Мак", "2 Макавеї", "2 Макавеїв", "2 Маккавеїв", "2Ма", "2Ма ⚒", "2Мак", "2Макавеї", "2Макавеїв", "2Маккавеїв", "II Ма", "II Ма ⚒", "II Мак", "II Макавеї", "II Макавеїв", "II Маккавеїв", "Друга книга Маккавейська*", "Другий рукопис Маккавеїв"]
    }
  ],
  "466": [
    {
      "uk": ["3 Ма", "3 Ма ⚒", "3 Мак", "3 Макавеїв", "3 Маккавеїв", "3Ма", "3Ма ⚒", "3Мак", "3Макавеїв", "3Маккавеїв", "III Ма", "III Ма ⚒", "III Мак", "III Макавеїв", "III Маккавеїв", "Третя книга Маккавейська*", "Третій рукопис Маккавеїв"]
    }
  ],
  "467": [
    {
      "uk": ["4 Ма ⚒", "4Ма ⚒", "IV Ма ⚒", "Четвертий рукопис Маккавеїв"]
    }
  ],
  "468": [
    {
      "uk": ["3 Езд", "3 Ездри", "3Езд", "3Ездри", "III Езд", "III Ездри", "Третя книга Ездри*"]
    }
  ],
  "470": [
    {
      "uk": ["ЄВАНГЕЛІЄ ВІД МАТВІЯ", "Євангелия від Сьв Маттея", "Євангелія від Матвія", "Євангелія від Матфія", "Вiд Матвiя", "Вiд Матфея", "Від Матвія", "Від Матфея святе благовістування", "Мат", "Мат ⚒", "Матв", "Матвія", "Матей", "Мт", "Мф"]
    }
  ],
  "480": [
    {
      "uk": ["ЄВАНГЕЛІЄ ВІД МАРКА", "Євангелия від Сьв Марка", "Євангелія від Марка", "Вiд Марка", "Від Марка", "Від Марка святе благовістування", "Мар", "Мар ⚒", "Марк", "Марка", "Марко", "Мк", "Мр"]
    }
  ],
  "490": [
    {
      "uk": ["ЄВАНГЕЛІЄ ВІД ЛУКИ", "Євангелия від Сьв Луки", "Євангелія від Луки", "Вiд Луки", "Від Луки", "Від Луки святе благовістування", "Лк", "Лук", "Лук ⚒", "Лука", "Луки"]
    }
  ],
  "500": [
    {
      "uk": ["Iв ⚒", "ЄВАНГЕЛІЄ ВІД ІОАННА", "Євангелия від Сьв Йоана", "Євангелія від Івана", "Ів", "Іван", "Івана", "Ін", "Іоана", "Вiд Iвана", "Вiд Iоана", "Вiд Івана", "Вiд Іоанна", "Від Іоана", "Від Іоана святе благовістування", "Йо", "Йоан"]
    }
  ],
  "510": [
    {
      "uk": ["Дiяння", "Дiї", "Дiї ⚒", "Ді", "Діян", "Діяння", "Діяння Апостолів", "Діяння святих апостолів", "Дії", "Дії апостолів", "Дїяння Сьвятих Апостолів"]
    }
  ],
  "511": [
    {
      "uk": ["Дід", "Дідахе (вчення дванадцяти Апостолів)"]
    }
  ],
  "520": [
    {
      "uk": ["До римлян", "Лист апостола Павла до римлян", "ПОСЛАННЯ ДО РИМЛЯН", "Посланнє Сьв Апостола Павла до Римлян", "Ри́млян", "Рим", "Римлян", "Рм"]
    }
  ],
  "530": [
    {
      "uk": ["1 КОРИНТЯН", "1 Коринфя́н", "1 Коринфян", "1 Кр", "1 до Коринтян", "1 до Корінтян", "1 кор", "1-е до коринтян", "1-ше до коринтян", "1КОРИНТЯН", "1Коринфя́н", "1Коринфян", "1Кр", "1до Коринтян", "1до Корінтян", "1кор", "I КОРИНТЯН", "I Коринфя́н", "I Коринфян", "I Кр", "I до Коринтян", "I до Корінтян", "I кор", "ПЕРШЕ ПОСЛАННЯ ДО КОРИНФЯН", "Перве Посланнє Сьв Апостола Павла до Коринтян", "Перше Послання до Коринтян", "Перше послання до коринф’ян", "Перший лист апостола Павла до коринтян"]
    }
  ],
  "540": [
    {
      "uk": ["2 КОРИНТЯН", "2 Коринфя́н", "2 Коринфян", "2 Кр", "2 до Коринтян", "2 до Корінтян", "2 кор", "2-ге до коринтян", "2-е до коринтян", "2КОРИНТЯН", "2Коринфя́н", "2Коринфян", "2Кр", "2до Коринтян", "2до Корінтян", "2кор", "II КОРИНТЯН", "II Коринфя́н", "II Коринфян", "II Кр", "II до Коринтян", "II до Корінтян", "II кор", "ДРУГЕ ПОСЛАННЯ ДО КОРИНФЯН", "Друге Послання до Коринтян", "Друге Посланнє Сьв Апостола Павла до Коринтян", "Друге послання до коринф’ян", "Другий лист апостола Павла до коринтян"]
    }
  ],
  "550": [
    {
      "uk": ["Гал", "Галатів", "Гл", "До галатiв", "До галатів", "Лист апостола Павла до галатів", "ПОСЛАННЯ ДО ГАЛАТІВ", "Посланнє Сьв Апостола Павла до Галат"]
    }
  ],
  "560": [
    {
      "uk": ["До ефесян", "Еф", "Ефеся́н", "Ефесян", "Лист апостола Павла до ефесян", "ПОСЛАННЯ ДО ЕФЕСЯН", "Посланнє Сьв Апостола Павла до Єфесян"]
    }
  ],
  "570": [
    {
      "uk": ["До филип'ян", "До филип’ян", "До філіппійців", "Лист апостола Павла до филип'ян", "ПОСЛАННЯ ДО ФИЛИП’ЯН", "Послання до Филипійців", "Посланнє Сьв Апостола Павла до Филипян", "Фил", "Филип", "Филипʼян", "Филип’ян", "Флп", "Філіппійців"]
    }
  ],
  "580": [
    {
      "uk": ["До колоссян", "До колосян", "Кл", "Кол", "Колосся́н", "Колоссян", "Колосян", "Лист апостола Павла до колосян", "ПОСЛАННЯ ДО КОЛОСЯН", "Посланнє Сьв Апостола Павла до Колосян"]
    }
  ],
  "590": [
    {
      "uk": ["1 СОЛУНЯН", "1 Фес", "1 Фессалонікійців", "1 Фс", "1 до Солунян", "1 сол", "1-е до солунян", "1-е до фессалонікійців", "1-ше до солунян", "1СОЛУНЯН", "1Фес", "1Фессалонікійців", "1Фс", "1до Солунян", "1сол", "I СОЛУНЯН", "I Фес", "I Фессалонікійців", "I Фс", "I до Солунян", "I сол", "Перве Посланнє Сьв Апостола Павла до Солунян", "Перше Послання до Солунян", "Перше послання до солунян (фессалонікійців)", "Перший лист апостола Павла до солунян"]
    }
  ],
  "600": [
    {
      "uk": ["2 СОЛУНЯН", "2 Фес", "2 Фессалонікійців", "2 Фс", "2 до Солунян", "2 сол", "2-ге до солунян", "2-е до солунян", "2-е до фессалонікійців", "2СОЛУНЯН", "2Фес", "2Фессалонікійців", "2Фс", "2до Солунян", "2сол", "II СОЛУНЯН", "II Фес", "II Фессалонікійців", "II Фс", "II до Солунян", "II сол", "Друге Послання до Солунян", "Друге Посланнє Сьв Апостола Павла до Солунян", "Друге послання до солунян (фессалонікійців)", "Другий лист апостола Павла до солунян"]
    }
  ],
  "610": [
    {
      "uk": ["1 Тим", "1 Тимофія", "1 Тм", "1 до Тимотея", "1 до Тимофія", "1-е Тимофiю", "1-е до Тимофiя", "1-ше до Тимофія", "1Тим", "1Тимофія", "1Тм", "1до Тимотея", "1до Тимофія", "I Тим", "I Тимофія", "I Тм", "I до Тимотея", "I до Тимофія", "Перве Посланнє Сьв Апостола Павла до Тимотея", "Перше Послання до Тимофія", "Перший лист апостола Павла до Тимофія"]
    }
  ],
  "620": [
    {
      "uk": ["2 Тим", "2 Тимофія", "2 Тм", "2 до Тимотея", "2 до Тимофія", "2-ге до Тимофія", "2-е Тимофiю", "2-е до Тимофiя", "2Тим", "2Тимофія", "2Тм", "2до Тимотея", "2до Тимофія", "II Тим", "II Тимофія", "II Тм", "II до Тимотея", "II до Тимофія", "Друге Послання до Тимофія", "Друге Посланнє Сьв Апостола Павла до Тимотея", "Другий лист апостола до Тимофія"]
    }
  ],
  "630": [
    {
      "uk": ["До Тита", "Лист апостола Павла до Тита", "ПОСЛАННЯ ДО ТИТА", "Посланнє Сьв Апостола Павла до Тита", "Тит", "Тита", "Титу"]
    }
  ],
  "640": [
    {
      "uk": ["До Филимона", "До Філімона", "Лист апостола Павла до Филимона", "ПОСЛАННЯ ДО ФИЛИМОНА", "Посланнє Сьв Апостола Павла до Филимона", "Филим", "Филимона", "Флм"]
    }
  ],
  "650": [
    {
      "uk": ["Єв", "Євр", "Євреїв", "До євреїв", "Лист до євреїв", "ПОСЛАННЯ ДО ЄВРЕЇВ", "Посланнє Сьв Апостола Павла до Жидів"]
    }
  ],
  "660": [
    {
      "uk": ["Всезагальний лист апостола Якова", "Послання Апостола Якова", "Послання Якова", "Соборне Посланнє Сьв Апостола Якова", "Як", "Яков", "Якова"]
    }
  ],
  "670": [
    {
      "uk": ["1 Пет", "1 Петр", "1 Петра", "1 Послання Петра", "1 Пт", "1-е Петра", "1-ше Петра", "1Пет", "1Петр", "1Петра", "1Послання Петра", "1Пт", "I Пет", "I Петр", "I Петра", "I Послання Петра", "I Пт", "Перве Соборне Посланнє Сьв Апостола Петра", "Перше Послання Апостола Петра", "Перше Послання Петра", "Перший всезагальний лист апостола Петра"]
    }
  ],
  "680": [
    {
      "uk": ["2 Пет", "2 Петр", "2 Петра", "2 Послання Петра", "2 Пт", "2-ге Петра", "2-е Петра", "2Пет", "2Петр", "2Петра", "2Послання Петра", "2Пт", "II Пет", "II Петр", "II Петра", "II Послання Петра", "II Пт", "Друге Послання Апостола Петра", "Друге Послання Петра", "Друге Соборне Посланнє Сьв Апостола Петра", "Другий всезагальний лист апостола Петра"]
    }
  ],
  "690": [
    {
      "uk": ["1 Iв", "1 ІВАНА", "1 Ів", "1 Ін", "1 Іоана", "1 Ин", "1 Йо", "1 Послання Йоана", "1-е Iвана", "1-е Iоана", "1-е Івана", "1-е Іоанна", "1-ше Івана", "1Iв", "1ІВАНА", "1Ів", "1Ін", "1Іоана", "1Ин", "1Йо", "1Послання Йоана", "I Iв", "I ІВАНА", "I Ів", "I Ін", "I Іоана", "I Ин", "I Йо", "I Послання Йоана", "ПЕРШЕ ПОСЛАННЯ ІОАННА", "Перве Соборне Посланнє Сьв Апостола Йоана Богослова", "Перше Послання Іоана", "Перше Послання Апостола Івана", "Перший всезагальний лист апостола Івана"]
    }
  ],
  "700": [
    {
      "uk": ["2 Iв", "2 ІВАНА", "2 Ів", "2 Ін", "2 Іоана", "2 Ин", "2 Йо", "2 Послання Йоана", "2-ге Івана", "2-е Iвана", "2-е Iоана", "2-е Івана", "2-е Іоанна", "2Iв", "2ІВАНА", "2Ів", "2Ін", "2Іоана", "2Ин", "2Йо", "2Послання Йоана", "II Iв", "II ІВАНА", "II Ів", "II Ін", "II Іоана", "II Ин", "II Йо", "II Послання Йоана", "ДРУГЕ ПОСЛАННЯ ІОАННА", "Друге Послання Іоана", "Друге Послання Апостола Івана", "Друге Соборне Посланнє Сьв Апостола Йоана Богослова", "Другий всезагальний лист апостола Івана"]
    }
  ],
  "710": [
    {
      "uk": ["3 Iв", "3 ІВАНА", "3 Ів", "3 Ін", "3 Іоана", "3 Ин", "3 Йо", "3 Послання Йоана", "3-е Iвана", "3-е Iоана", "3-е Івана", "3-тє Івана", "3-є Іоанна", "3Iв", "3ІВАНА", "3Ів", "3Ін", "3Іоана", "3Ин", "3Йо", "3Послання Йоана", "III Iв", "III ІВАНА", "III Ів", "III Ін", "III Іоана", "III Ин", "III Йо", "III Послання Йоана", "З Ів", "ТРЕТЄ ПОСЛАННЯ ІОАННА", "Третє Послання Іоана", "Третє Послання Апостола Івана", "Третє Соборне Посланнє Сьв Апостола Йоана Богослова", "Третій всезагальний лист апостола Івана"]
    }
  ],
  "720": [
    {
      "uk": ["Іуд", "Іуда", "Іуди", "Всезагальний лист апостола Йуди", "Йуди", "ПОСЛАННЯ ІУДИ", "Послання Апостола Юди", "Послання Юди", "Соборне Посланнє Сьв Апостола Юди", "Юд", "Юда", "Юди"]
    }
  ],
  "730": [
    {
      "uk": ["Об", "Об'явлення", "Обʼявлення", "Об’явлення", "Огол", "Оголення Йєгошуа Машіаха (від Івана Богослова)", "Од", "Одк", "Одкр", "Одкриттє Сьв Йоана Богослова", "Одкровення", "Одкровення Ісуса Христа через Апостола Івана", "Одкровення Апостола Іоана", "Одкровення святого Іоана Богослова (Апокаліпсис)"]
    }
  ],
  "800": [
    {
      "uk": ["Оди ⚒", "Рукопис Од (пісні та співи)"]
    }
  ],
  "811": [
    {
      "uk": ["Єнох ⚒", "Рукопис Єноха (Ефіопський Єнох в 108 главах, фрагменти греч текста: глави 1-32, 89:42-49, 97:1-5)"]
    }
  ]
}