{
  "lookAndFeelClassName": "com.formdev.flatlaf.themes.FlatMacDarkLaf",
  "formatString": "%A %c:%v %X",
  "useModuleAbbreviations": false,
  "styles": {
    "infoText": {
      "fontName": "Noto Mono",
      "fontStyle": 0,
      "fontSize": 15,
      "color": -13108,
      "superscript": false,
      "subscript": false
    },
    "strongsNumber": {
      "fontName": "Noto Sans",
      "fontStyle": 0,
      "fontSize": 13,
      "color": -6710785,
      "superscript": true,
      "subscript": false
    },
    "chapter": {
      "fontName": "Noto Sans",
      "fontStyle": 0,
      "fontSize": 10,
      "color": -6697729,
      "superscript": false,
      "subscript": false
    },
    "alternativeVerseText": {
      "fontName": "Noto Serif",
      "fontStyle": 0,
      "fontSize": 18,
      "color": -8355712,
      "superscript": false,
      "subscript": false
    },
    "morphologyInfo": {
      "fontName": "Noto Sans",
      "fontStyle": 2,
      "fontSize": 13,
      "color": -3342439,
      "superscript": true,
      "subscript": false
    },
    "wordsOfJesus": {
      "fontName": "Noto Serif",
      "fontStyle": 0,
      "fontSize": 18,
      "color": -26215,
      "superscript": false,
      "subscript": false
    },
    "moduleName": {
      "fontName": "Noto Sans",
      "fontStyle": 2,
      "fontSize": 10,
      "color": -3342388,
      "superscript": false,
      "subscript": false
    },
    "defaultText": {
      "fontName": "Noto Sans",
      "fontStyle": 0,
      "fontSize": 10,
      "color": -6697729,
      "superscript": false,
      "subscript": false
    },
    "verse": {
      "fontName": "Noto Sans",
      "fontStyle": 0,
      "fontSize": 10,
      "color": -6697729,
      "superscript": false,
      "subscript": false
    },
    "bookName": {
      "fontName": "Noto Sans",
      "fontStyle": 0,
      "fontSize": 10,
      "color": -6697729,
      "superscript": false,
      "subscript": false
    },
    "verseText": {
      "fontName": "Noto Serif",
      "fontStyle": 0,
      "fontSize": 18,
      "color": -2375772,
      "superscript": false,
      "subscript": false
    }
  },
  "showRawJson": false,
  "textAreaBackground": -14803426
}