{
  "10": [
    {
      "ru": ["1 Мо", "1 Моисея", "1Мо", "1Моисея", "I Мо", "I Моисея", "БРЕЙШИТ", "БРЙ'", "Бер", "Берешит", "Брэши́т", "Бт", "Быр", "Бырэйшит", "Быт", "Быт ⚒", "Бытие", "В начале - Бытие", "Нач", "Начало", "ПЕРВАЯ КНИГА МОИСЕЯ, НАЗЫВАЕМАЯ «ГЕНЕЗИС»"]
    }
  ],
  "20": [
    {
      "ru": ["2 Мо", "2 Моисея", "2Мо", "2Моисея", "II Мо", "II Моисея", "ВТОРАЯ КНИГА МОИСЕЯ, НАЗЫВАЕМАЯ «ИСХОД»", "И вот имена - Исход", "Исх", "Исх ⚒", "Исход", "ШМОТ", "Шем", "Шемот", "Шмо́т"]
    }
  ],
  "30": [
    {
      "ru": ["3 Мо", "3 Моисея", "3Мо", "3Моисея", "III Мо", "III Моисея", "ВЙК'", "Ваик", "Ваикра", "Вай", "Вайикра", "Вайкра́", "И воззвал - Левит", "Лв", "Лев", "Лев ⚒", "Левит", "ТРЕТЬЯ КНИГА МОИСЕЯ, НАЗЫВАЕМАЯ «ЛЕВИТ»"]
    }
  ],
  "40": [
    {
      "ru": ["4 Мо", "4 Моисея", "4Мо", "4Моисея", "IV Мо", "IV Моисея", "БМД'", "Бем", "Бемидбар", "Бым", "Бымидбар", "Бэмидба́р", "В пустыне - Числа", "ЧЕТВЕРТАЯ КНИГА МОИСЕЯ, НАЗЫВАЕМАЯ «ЧИСЛА»", "Чис", "Чис ⚒", "Числ", "Числа", "Чс"]
    }
  ],
  "50": [
    {
      "ru": ["5 Мо", "5 Моисея", "5Мо", "5Моисея", "V Мо", "V Моисея", "Вот слова - Второзаконие", "Вт", "Вто", "Втор", "Втор ⚒", "Второзаконие", "ДВАРИМ", "ДВР'", "Двари́м", "Дев", "Деварим", "Дыв", "Дыварим", "ПЯТАЯ КНИГА МОИСЕЯ, НАЗЫВАЕМАЯ «ВТОРОЗАКОНИЕ»"]
    }
  ],
  "60": [
    {
      "ru": ["ИСУСА НАВИН", "Иеш", "Иешуа", "Иисус Навин", "Иис Н", "Иош", "ИсН", "Ис Нав", "Йегошуа", "Йео", "Йеошуа", "Йеѓ", "Йеѓо́шуа", "Йеѓошуа", "Йеҳо́шуа", "КНИГА ИОШУА", "Книга Иисуса Навина", "Нав", "Нав ⚒", "Навина"]
    }
  ],
  "70": [
    {
      "ru": ["КНИГА СУДЕЙ", "Книга Судей израилевых", "Сд", "Суд", "Суд ⚒", "Судей", "Судьи", "Шоф", "Шофетим", "Шофти́м"]
    }
  ],
  "80": [
    {
      "ru": ["Книга Руфи", "Рут", "Руф", "Руфь", "Руфь ⚒", "Рф"]
    }
  ],
  "90": [
    {
      "ru": ["1 Сам", "1 Самуила", "1 Самуила (1 Царств)", "1 См", "1 Ца", "1 Цар", "1 Цар ⚒", "1 Царств", "1 Шем", "1 Шемуэль", "1-я Царств", "1-я Шемуэля", "1-я книга Царств", "1Сам", "1Самуила", "1Самуила (1 Царств)", "1См", "1Ца", "1Цар", "1Цар ⚒", "1Царств", "1Шем", "1Шемуэль", "I Сам", "I Самуила", "I Самуила (1 Царств)", "I См", "I Ца", "I Цар", "I Цар ⚒", "I Царств", "I Шем", "I Шемуэль", "ПЕРВАЯ КНИГА САМУИЛА, ИНАЧЕ НАЗЫВАЕМАЯ «ПЕРВАЯ КНИГА ЦАРЕЙ»", "Первая книга Царств", "Шемуэйл I", "Шмуэ́љ А"]
    }
  ],
  "100": [
    {
      "ru": ["1 Самуила (2 Царств)", "1Самуила (2 Царств)", "2 Сам", "2 Самуила", "2 Самуила (2 Царств)", "2 См", "2 Ца", "2 Цар", "2 Цар ⚒", "2 Царств", "2 Шем", "2 Шемуэль", "2-я Царств", "2-я Шемуэля", "2-я книга Царств", "2Сам", "2Самуила", "2Самуила (2 Царств)", "2См", "2Ца", "2Цар", "2Цар ⚒", "2Царств", "2Шем", "2Шемуэль", "I Самуила (2 Царств)", "II Сам", "II Самуила", "II Самуила (2 Царств)", "II См", "II Ца", "II Цар", "II Цар ⚒", "II Царств", "II Шем", "II Шемуэль", "ВТОРАЯ КНИГА САМУИЛА, ИНАЧЕ НАЗЫВАЕМАЯ «ВТОРАЯ КНИГА ЦАРЕЙ»", "Вторая книга Царств", "Шемуэйл II", "Шмуэ́љ Б"]
    }
  ],
  "110": [
    {
      "ru": ["1 Мел", "1 Мелахим", "1 Царей", "1 Царей (3 Царств)", "1 Цр", "1-я Мелахим", "1Мел", "1Мелахим", "1Царей", "1Царей (3 Царств)", "1Цр", "3 Ца", "3 Цар", "3 Цар ⚒", "3 Царств", "3-я Царств", "3-я книга Царств", "3Ца", "3Цар", "3Цар ⚒", "3Царств", "I Мел", "I Мелахим", "I Царей", "I Царей (3 Царств)", "I Цр", "III Ца", "III Цар", "III Цар ⚒", "III Царств", "Мелахим I", "Мљаѓи́м А", "Мљаҳи́м А", "ПЕРВАЯ КНИГА ЦАРЕЙ, ОБЫЧНО НАЗЫВАЕМАЯ «ТРЕТЬЯ КНИГА ЦАРЕЙ»", "Третья книга Царств"]
    }
  ],
  "120": [
    {
      "ru": ["2 Мел", "2 Мелахим", "2 Царей", "2 Царей (4 Царств)", "2 Цр", "2-я Мелахим", "2Мел", "2Мелахим", "2Царей", "2Царей (4 Царств)", "2Цр", "4 Ца", "4 Цар", "4 Цар ⚒", "4 Царств", "4-я Царств", "4-я книга Царств", "4Ца", "4Цар", "4Цар ⚒", "4Царств", "II Мел", "II Мелахим", "II Царей", "II Царей (4 Царств)", "II Цр", "IV Ца", "IV Цар", "IV Цар ⚒", "IV Царств", "ВТОРАЯ КНИГА ЦАРЕЙ, ОБЫЧНО НАЗЫВАЕМАЯ «ЧЕТВЕРТАЯ КНИГА ЦАРЕЙ»", "Мелахим II", "Мљаѓи́м Б", "Мљаҳи́м Б", "Четвертая книга Царств"]
    }
  ],
  "130": [
    {
      "ru": ["1 Див", "1 Дивре ѓа-Ямим", "1 Ле", "1 Лет", "1 Летопись", "1 Лт", "1 Пар", "1 Пар ⚒", "1 Паралипоменон", "1 Паралипоменон (Хроники)", "1 Хр", "1 Хроники", "1-я Паралипоменон", "1-я книга Паралипоменон", "1Див", "1Дивре ѓа-Ямим", "1Ле", "1Лет", "1Летопись", "1Лт", "1Пар", "1Пар ⚒", "1Паралипоменон", "1Паралипоменон (Хроники)", "1Хр", "1Хроники", "I Див", "I Дивре ѓа-Ямим", "I Ле", "I Лет", "I Летопись", "I Лт", "I Пар", "I Пар ⚒", "I Паралипоменон", "I Паралипоменон (Хроники)", "I Хр", "I Хроники", "Диврей гайамим I", "Диврэ́й ѓа-йами́м А", "Диврэ́й ҳа-йами́м А", "ПЕРВАЯ КНИГА ХРОНИК", "Первая книга Паралипоменон"]
    }
  ],
  "140": [
    {
      "ru": ["2 Див", "2 Дивре ѓа-Ямим", "2 Ле", "2 Лет", "2 Летопись", "2 Лт", "2 Пар", "2 Пар ⚒", "2 Паралипоменон", "2 Паралипоменон (Хроники)", "2 Хр", "2 Хроники", "2-я Паралипоменон", "2-я книга Паралипоменон", "2Див", "2Дивре ѓа-Ямим", "2Ле", "2Лет", "2Летопись", "2Лт", "2Пар", "2Пар ⚒", "2Паралипоменон", "2Паралипоменон (Хроники)", "2Хр", "2Хроники", "II Див", "II Дивре ѓа-Ямим", "II Ле", "II Лет", "II Летопись", "II Лт", "II Пар", "II Пар ⚒", "II Паралипоменон", "II Паралипоменон (Хроники)", "II Хр", "II Хроники", "ВТОРАЯ КНИГА ХРОНИК", "Вторая книга Паралипоменон", "Диврей гайамим II", "Диврэ́й ѓа-йами́м Б", "Диврэ́й ҳа-йами́м Б"]
    }
  ],
  "150": [
    {
      "ru": ["1 Езд", "1 Ездра", "1Езд", "1Ездра", "I Езд", "I Ездра", "ЕЗДРЫ", "ЕЗРА", "Езд", "Ездр", "Ездр ⚒", "Ездра", "Езр", "Книга Ездры", "Книга Эзры", "Первая книга Ездры", "Уза", "Узайр", "Э́зра", "Эздр", "Эзр", "Эзра"]
    }
  ],
  "160": [
    {
      "ru": ["Книга Неемии", "НЕЕМИИ", "Не", "Нее", "Неем", "Неем ⚒", "Неемия", "Нех", "Нехемия", "Нехемья", "Нэхэмйа́"]
    }
  ],
  "165": [
    {
      "ru": ["2 Езд", "2 Езд ⚒", "2 Ездра", "2 Ездры", "2-я книга Ездры", "2Езд", "2Езд ⚒", "2Ездра", "2Ездры", "II Езд", "II Езд ⚒", "II Ездра", "II Ездры", "Вторая книга Ездры"]
    }
  ],
  "166": [
    {
      "ru": ["3 Ездры", "3-я книга Ездры", "3Ездры", "III Ездры"]
    }
  ],
  "170": [
    {
      "ru": ["Книга Товита", "Тов", "Тов ⚒", "Товит"]
    }
  ],
  "180": [
    {
      "ru": ["Иудифь", "Иудф", "Иудф ⚒", "Иф", "Книга Иудифи"]
    }
  ],
  "190": [
    {
      "ru": ["Есф", "Есф ⚒", "Есфирь", "Книга Есфири", "Книга Эсфири", "ЭСФИРИ", "Эст", "Эстер", "Эстэ́р", "Эсф", "Эсфирь"]
    }
  ],
  "192": [
    {
      "ru": ["ЕсфГр"]
    }
  ],
  "220": [
    {
      "ru": ["Аюб", "ИОВА", "Ийо́в", "Ийов", "Иов", "Иов ⚒", "Книга Иова"]
    }
  ],
  "230": [
    {
      "ru": ["Заб", "Забур", "Книга псалмов", "Пс", "Пс ⚒", "Псалмы", "Псалтирь", "Псалтырь", "Тегилим", "Теи", "Теилим", "Теѓили́м", "Теҳили́м"]
    }
  ],
  "235": [
    {
      "ru": ["ПсСоломона", "Псалмы Соломона"]
    }
  ],
  "240": [
    {
      "ru": ["Книга Притчей Соломоновых", "Мишл", "Мишле", "Мишле́й", "Мишлей", "Муд", "Мудр", "Мудрые изречения", "Пр", "Прит", "Прит ⚒", "Притч", "Притчи", "Притчи Соломона"]
    }
  ],
  "245": [
    {
      "ru": ["Оды", "Оды Соломона"]
    }
  ],
  "250": [
    {
      "ru": ["ЕККЛЕСИАСТ ИЛИ «ПРОПОВЕДНИК»", "ЕККЛЕСИАСТА", "Екк", "Еккл", "Еккл ⚒", "Екклесиаст", "Екклесиаст или, проповедник", "Книга Екклезиаста, или Проповедника", "Книга Екклесиаста, или Проповедника", "Книга Экклезиаста, или Проповедника", "Когелет", "Коэ", "Коэлет", "Коѓэ́лет", "Коҳэ́лет", "Раз", "Разм", "Размышления", "Эк", "Эккл", "Экклезиаст"]
    }
  ],
  "260": [
    {
      "ru": ["Книга Песни Песней Соломона", "ПЕСНИ ПЕСНЕЙ", "Пес", "Песн", "Песнь Соломона", "Песнь Сулаймона", "Песнь Сулеймана", "Песнь песней", "Песнь песней Соломона", "Песня Песен", "Песня Песней", "Песн П", "Псн", "Шир", "Шир гайирим", "Шир ѓа-Шири́м", "Шир ѓа-Ширим", "Шир ҳа-Шири́м", "Шир ҳаШирим"]
    }
  ],
  "270": [
    {
      "ru": ["Книга Премудрости Соломона", "ПрСол ⚒", "Прем", "Премудрость", "Премудрость Соломона"]
    }
  ],
  "272": [
    {
      "ru": ["ПсСол ⚒"]
    }
  ],
  "280": [
    {
      "ru": ["Книга Премудрости Иисуса, сына Сирахова", "Сир", "Сир ⚒", "Сирах"]
    }
  ],
  "290": [
    {
      "ru": ["ИСАЙИ", "Ис", "Ис ⚒", "Иса", "Исаии", "Исаия", "Исайя", "Йеш", "Йешайа", "Йешайа́ѓу", "Йешайа́ҳу", "Йешаяѓу", "Книга пророка Исаии", "Книга пророка Исайи"]
    }
  ],
  "300": [
    {
      "ru": ["ИЕРЕМИИ", "Иер", "Иер ⚒", "Иеремия", "Ирм", "Ирмеяѓу", "Йирмейа", "Йирмийа́ѓу", "Йирмийа́ҳу", "Книга пророка Иеремии"]
    }
  ],
  "310": [
    {
      "ru": ["Книга Плач Иеремии", "Пл", "Пла", "Плач", "Плач Иеремии", "Плач ⚒", "Плч", "Эйха", "Эйха́ Йирмийа́ѓу", "Эйха́ Йирмийа́ҳу", "Эха"]
    }
  ],
  "315": [
    {
      "ru": ["Посл", "Послание Иеремии", "По Иер"]
    }
  ],
  "320": [
    {
      "ru": ["1 Варуха⌔", "1Варуха⌔", "I Варуха⌔", "Вар", "Вар ⚒", "Варух", "Книга Пророка Варуха, послание Иеремии (6-я глава)", "Книга пророка Варуха"]
    }
  ],
  "321": [
    {
      "ru": ["2 Варуха", "2Варуха", "II Варуха", "Вторая Книга Пророка Варуха"]
    }
  ],
  "322": [
    {
      "ru": ["3 Варуха", "3Варуха", "III Варуха", "Третья Книга Пророка Варуха"]
    }
  ],
  "330": [
    {
      "ru": ["Езе", "Езек", "Езекиил", "ИЕЗЕКИИЛЯ", "Иез", "Иез ⚒", "Иезекииль", "Иезекиэль", "Йех", "Йехезкэль", "Йехэзкэ́љ", "Йехэзкэйл", "Книга пророка Иезекииля"]
    }
  ],
  "340": [
    {
      "ru": ["ДАНИИЛА", "Дан", "Дан Ф", "Дан ⚒", "Даниель", "Даниил", "Даниил (по Феодотиону)", "Даниил⌔", "Даниэ́љ", "Даниэль", "Даниял", "Дон", "Дониёл", "КНИГА ДАНИИЛА", "Книга пророка Даниила", "Сусанна (гл13) + Бил и Дракон (гл14) в книге пророка Даниила"]
    }
  ],
  "341": [
    {
      "ru": ["Дан+", "Даниил (по LXX)"]
    }
  ],
  "343": [
    {
      "ru": ["ВозИсаии", "Вознесение Исаии (Видение Исаии)"]
    }
  ],
  "344": [
    {
      "ru": ["МученИсаии", "Мученичество Исаии"]
    }
  ],
  "350": [
    {
      "ru": ["Книга пророка Осии", "ОСИИ", "Ос", "Ос ⚒", "Оси", "Осия", "Оше", "Ошеа", "Ошэ́а", "Ошэйа"]
    }
  ],
  "360": [
    {
      "ru": ["ИОИЛЯ", "Ил", "Иои", "Иоил", "Иоил ⚒", "Иоиль", "Иоль", "Иоэль", "Йоэ́љ", "Йоэйл", "Йоэл", "Йоэль", "Книга пророка Иоиля"]
    }
  ],
  "370": [
    {
      "ru": ["АМОСА", "Ам", "Ам ⚒", "Амо", "Амо́ц", "Амос", "Книга пророка Амоса"]
    }
  ],
  "380": [
    {
      "ru": ["АВДИЙА", "Авд", "Авд ⚒", "Авдий", "Авдия", "Книга пророка Авдия", "ОВАДИЯ", "Овад", "Овадйа", "Овадйа́", "Овадья"]
    }
  ],
  "390": [
    {
      "ru": ["ИОНЫ", "Ион", "Ион ⚒", "Иона", "Йо́на", "Йон", "Йона", "Книга пророка Ионы", "Юну", "Юнус"]
    }
  ],
  "400": [
    {
      "ru": ["Книга пророка Михея", "Мих", "Мих ⚒", "Миха", "Миха́", "Михей", "Михея", "Мх"]
    }
  ],
  "410": [
    {
      "ru": ["Книга пророка Наума", "НАУМА", "На", "Нау", "Наум", "Наум ⚒", "Нах", "Наху́м", "Нахум"]
    }
  ],
  "420": [
    {
      "ru": ["АВВАКУМА", "Авв", "Аввакум", "Книга пророка Аввакума", "Хав", "Хава́кук", "Хаваккук", "Хавакук"]
    }
  ],
  "430": [
    {
      "ru": ["Книга пророка Софонии", "СОФОНИИ", "Соф", "Соф ⚒", "Софония", "Сф", "Цеф", "Цефанйа", "Цефанья", "Цфанйа́"]
    }
  ],
  "440": [
    {
      "ru": ["АГГЕЙА", "Аг", "Агг", "Агг ⚒", "Аггей", "Аггея", "Книга пророка Аггея", "Хаг", "Хагай", "Хаггай", "Хаґґа́й"]
    }
  ],
  "450": [
    {
      "ru": ["ЗАХАРИИ", "Зак", "Закария", "Зах", "Зах ⚒", "Захария", "Захарйа́ѓу", "Захарйа́ҳу", "Зех", "Зехарйа", "Зехарья", "Зх", "Книга пророка Захарии"]
    }
  ],
  "460": [
    {
      "ru": ["Книга пророка Малахии", "Мал", "Малахи", "Малахии", "Малахия", "Малъахи́", "Мл"]
    }
  ],
  "462": [
    {
      "ru": ["1 Ма", "1 Ма ⚒", "1 Макк", "1 Маккавеев", "1-я книга Маккавейская", "1Ма", "1Ма ⚒", "1Макк", "1Маккавеев", "I Ма", "I Ма ⚒", "I Макк", "I Маккавеев", "Первая книга Маккавейская"]
    }
  ],
  "464": [
    {
      "ru": ["2 Ма", "2 Ма ⚒", "2 Макк", "2 Маккавеев", "2-я книга Маккавейская", "2Ма", "2Ма ⚒", "2Макк", "2Маккавеев", "II Ма", "II Ма ⚒", "II Макк", "II Маккавеев", "Вторая книга Маккавейская"]
    }
  ],
  "466": [
    {
      "ru": ["3 Ма", "3 Ма ⚒", "3 Макк", "3 Маккавеев", "3-я книга Маккавейская", "3Ма", "3Ма ⚒", "3Макк", "3Маккавеев", "III Ма", "III Ма ⚒", "III Макк", "III Маккавеев", "Третья книга Маккавейская"]
    }
  ],
  "467": [
    {
      "ru": ["4 Ма ⚒", "4 Маккавеев", "4Ма ⚒", "4Маккавеев", "IV Ма ⚒", "IV Маккавеев"]
    }
  ],
  "468": [
    {
      "ru": ["3 Езд", "3 Ездра", "3Езд", "3Ездра", "III Езд", "III Ездра", "Книги Сивилл", "Сивиллы", "Третья книга Ездры"]
    }
  ],
  "470": [
    {
      "ru": ["Благовествование по Матфею", "Бсора́т Матта́й", "Бсорат Маттай", "Добро́весть по Маттаю", "Евангелие от Матфея", "Евангелие по Матфею", "Евангелие согласно св Матфею", "Мат", "Матай", "Матитьягу", "Матто", "Матфея", "Мф", "От Матфея", "От Матфея святое благовествование", "По Матфею"]
    }
  ],
  "480": [
    {
      "ru": ["Благовествование по Марку", "Бсора́т Ма́ркос", "Бсорат Маркос", "Добро́весть по Марку", "Евангелие от Марка", "Евангелие по Марку", "Евангелие согласно св Марку", "Мар", "Марк", "Марка", "Мк", "От Марка", "От Марка святое благовествование", "По Марку"]
    }
  ],
  "490": [
    {
      "ru": ["Благовествование по Луке", "Бсора́т Љу́кас", "Бсорат Лукас", "Добро́весть по Луке", "Евангелие от Луки", "Евангелие по Луке", "Евангелие согласно св Луке", "Лк", "Лук", "Лука", "Луки", "Луко", "От Луки", "От Луки святое благовествование", "По Луке"]
    }
  ],
  "500": [
    {
      "ru": ["Благовествование по Иоанну", "Бсора́т Йохана́н", "Бсорат Йоханан", "Добро́весть по Иоанну", "Евангелие от Иоанна", "Евангелие по Иоанну", "Евангелие согласно св Иоанну", "Ин", "Иоан", "Иоанна", "Иох", "Иохан", "Йох", "Йоханан", "От Иоанна", "От Иоанна святое благовествование", "По Иоанну"]
    }
  ],
  "510": [
    {
      "ru": ["Де", "Дея", "Деян", "Деяния", "Деяния Апостолов, утерянная 29 глава", "Деяния Посланников", "Деяния апостолов", "Деяния святых апостолов", "Деяния⌔", "Деят", "Деятельность", "Деятельность Шлихи́м"]
    }
  ],
  "511": [
    {
      "ru": ["Дидахе́", "Дидахе́ (учение двенадцати Послов)", "Дидахе́ (учение двенадцати Шлихи́м)", "Дидахе́**", "Дидахе★", "Учение двенадцати апостолов (Дидахе)"]
    }
  ],
  "520": [
    {
      "ru": ["К Римлянам", "Письмо Пау́ля к Ромии́м", "Письмо Пауля к Римлянам", "Письмо христианам в Риме", "Послание Павла к Романцам", "Послание Полоса к Ромиим", "Послание апостола Павла к римлянам", "Послание апостола Павла христианам в Риме", "Послание к Римлянам", "Послание римлянам", "Рим", "Римлянам", "Рм", "Ром", "Христианам в Риме"]
    }
  ],
  "530": [
    {
      "ru": ["1 Ко", "1 Кор", "1 Коринфянам", "1 Кр", "1 ПОСЛАНИЕ К КОРИНФЯНАМ", "1 е Коринфянам", "1-е Коринфянам", "1-е к Коринфянам", "1-е посл коринфянам", "1-е христианам в Коринфе", "1Ко", "1Кор", "1Коринфянам", "1Кр", "1ПОСЛАНИЕ К КОРИНФЯНАМ", "1е Коринфянам", "I Ко", "I Кор", "I Коринфянам", "I Кр", "I ПОСЛАНИЕ К КОРИНФЯНАМ", "I е Коринфянам", "ПЕРВОЕ ПОСЛАНИЕ АПОСТОЛА ПАВЛА К КОРИНФЯНАМ", "Первое к коринфянам", "Первое письмо Пау́ля к Кори́нфянам", "Первое письмо Пауля к Коринфянам", "Первое письмо христианам в Коринфе", "Первое послание Павла к Коринфянам", "Первое послание Полоса к Коринфянам", "Первое послание апостола христианам в Коринфе", "Первое послание к Коринфянам"]
    }
  ],
  "540": [
    {
      "ru": ["2 Ко", "2 Кор", "2 Коринфянам", "2 Кр", "2 ПОСЛАНИЕ К КОРИНФЯНАМ", "2 е Коринфянам", "2-е Коринфянам", "2-е к Коринфянам", "2-е посл коринфянам", "2-е христианам в Коринфе", "2Ко", "2Кор", "2Коринфянам", "2Кр", "2ПОСЛАНИЕ К КОРИНФЯНАМ", "2е Коринфянам", "II Ко", "II Кор", "II Коринфянам", "II Кр", "II ПОСЛАНИЕ К КОРИНФЯНАМ", "II е Коринфянам", "ВТОРОЕ ПОСЛАНИЕ АПОСТОЛА ПАВЛА К КОРИНФЯНАМ", "Второе к коринфянам", "Второе письмо Пау́ля к Кори́нфянам", "Второе письмо Пауля к Коринфянам", "Второе письмо христианам в Коринфе", "Второе послание Павла к Коринфянам", "Второе послание Полоса к Коринфянам", "Второе послание апостола христианам в Коринфе", "Второе послание к Коринфянам"]
    }
  ],
  "550": [
    {
      "ru": ["Гал", "Галатам", "Гл", "К Галатам", "Письмо Пау́ля к Ґаљатúм", "Письмо Пауля к Галатам", "Письмо христианам в Галатии", "Послание Павла к Галатам", "Послание Полоса к Галатам", "Послание апостола Павла к галатам", "Послание апостола Павла христианам в Галатии", "Послание галатам", "Послание к Галатам", "Христианам в Галатии"]
    }
  ],
  "560": [
    {
      "ru": ["Еф", "Ефесянам", "К Ефесянам", "Письмо Пау́ля к Эфэсúм", "Письмо Пауля к Эфэ́сянам", "Письмо христианам в Эфесе", "Послание Павла к Ефесянам", "Послание Полоса к Ефесянам", "Послание апостола Павла к эфесянам", "Послание апостола Павла христианам в Эфесе", "Послание к Ефесянам", "Послание эфесянам", "Христианам в Эфесе", "Эф", "Эфе", "Эфесянам"]
    }
  ],
  "570": [
    {
      "ru": ["К Филиппийцам", "К Филлипийцам", "Письмо Пау́ля к Филлипи́йцам", "Письмо Пауля к Филлипийцам", "Письмо христианам в Филиппах", "Послание Павла к Филлипийцам", "Послание Полоса к Филлипийцам", "Послание апостола Павла к филиппийцам", "Послание апостола Павла христианам в Филиппах", "Послание к Филиппийцам", "Послание филиппийцам", "Фил", "Филиппийцам", "Флп", "Фп", "Христианам в Филиппах"]
    }
  ],
  "580": [
    {
      "ru": ["К Колоссянам", "Кл", "Кол", "Колоссянам", "Письмо Пау́ля к Колосся́нам", "Письмо Пауля к Колоссянам", "Письмо христианам в Колоссах", "Послание Павла к Колоссянам", "Послание Полоса к Колоссянам", "Послание апостола Павла к колоссянам", "Послание апостола Павла христианам в Колоссах", "Послание к Колоссянам", "Послание колоссянам", "Христианам в Колоссах"]
    }
  ],
  "590": [
    {
      "ru": ["1 ПОСЛАНИЕ ФЕССАЛОНИКИЙЦАМ", "1 Фе", "1 Фес", "1 Фессалоникийцам", "1 Фс", "1 е Фессалоникийцам", "1-е Фессалоникийцам", "1-е к Фессалоникийцам", "1-е посл фессалоникийцам", "1-е христианам в Фессалонике", "1ПОСЛАНИЕ ФЕССАЛОНИКИЙЦАМ", "1Фе", "1Фес", "1Фессалоникийцам", "1Фс", "1е Фессалоникийцам", "I ПОСЛАНИЕ ФЕССАЛОНИКИЙЦАМ", "I Фе", "I Фес", "I Фессалоникийцам", "I Фс", "I е Фессалоникийцам", "ПЕРВОЕ ПОСЛАНИЕ АПОСТОЛА ПАВЛА К ФЕССАЛОНИКИЙЦАМ", "Первое к фессалоникийцам", "Первое письмо Пау́ля к Фессалоники́йцам", "Первое письмо Пауля к Фессалоникийцам", "Первое письмо христианам в Фессалонике", "Первое послание Павла к Фессалоникийцам", "Первое послание Полоса к Фессалоникийцам", "Первое послание апостола Павла христианам в Фессалонике", "Первое послание к Фессалоникийцам"]
    }
  ],
  "600": [
    {
      "ru": ["2 ПОСЛАНИЕ ФЕССАЛОНИКИЙЦАМ", "2 Фе", "2 Фес", "2 Фессалоникийцам", "2 Фс", "2 е Фессалоникийцам", "2-е Фессалоникийцам", "2-е к Фессалоникийцам", "2-е посл фессалоникийцам", "2-е христианам в Фессалонике", "2ПОСЛАНИЕ ФЕССАЛОНИКИЙЦАМ", "2Фе", "2Фес", "2Фессалоникийцам", "2Фс", "2е Фессалоникийцам", "II ПОСЛАНИЕ ФЕССАЛОНИКИЙЦАМ", "II Фе", "II Фес", "II Фессалоникийцам", "II Фс", "II е Фессалоникийцам", "ВТОРОЕ ПОСЛАНИЕ АПОСТОЛА ПАВЛА К ФЕССАЛОНИКИЙЦАМ", "Второе к фессалоникийцам", "Второе письмо Пау́ля к Фессалоники́йцам", "Второе письмо Пауля к Фессалоникийцам", "Второе письмо христианам в Фессалонике", "Второе послание Павла к Фессалоникийцам", "Второе послание Полоса к Фессалоникийцам", "Второе послание апостола Павла христианам в Фессалонике", "Второе послание к Фессалоникийцам"]
    }
  ],
  "610": [
    {
      "ru": ["1 ПОСЛАНИЕ ТИМОФЕЮ", "1 Ти", "1 Тим", "1 Тиметею", "1 Тимофею", "1 Тм", "1 е Тимофею", "1-е Тимофею", "1-е к Тимофею", "1-е посл Тимофею", "1ПОСЛАНИЕ ТИМОФЕЮ", "1Ти", "1Тим", "1Тиметею", "1Тимофею", "1Тм", "1е Тимофею", "I ПОСЛАНИЕ ТИМОФЕЮ", "I Ти", "I Тим", "I Тиметею", "I Тимофею", "I Тм", "I е Тимофею", "ПЕРВОЕ ПОСЛАНИЕ АПОСТОЛА ПАВЛА К ТИМОФЕЮ", "Первое Тимофею", "Первое письмо Пау́ля к Ти́моти", "Первое письмо Пауля к Тимофею", "Первое письмо Тимофею", "Первое послание Павла к Тимофею", "Первое послание Полоса к Тимотиосу", "Первое послание апостола Павла Тимофею", "Первое послание к Тимофею"]
    }
  ],
  "620": [
    {
      "ru": ["2 ПОСЛАНИЕ ТИМОФЕЮ", "2 Ти", "2 Тим", "2 Тиметею", "2 Тимофею", "2 Тм", "2 е Тимофею", "2-е Тимофею", "2-е к Тимофею", "2-е посл Тимофею", "2ПОСЛАНИЕ ТИМОФЕЮ", "2Ти", "2Тим", "2Тиметею", "2Тимофею", "2Тм", "2е Тимофею", "II ПОСЛАНИЕ ТИМОФЕЮ", "II Ти", "II Тим", "II Тиметею", "II Тимофею", "II Тм", "II е Тимофею", "ВТОРОЕ ПОСЛАНИЕ АПОСТОЛА ПАВЛА К ТИМОФЕЮ", "Второе к Тимофею", "Второе письмо Пау́ля к Ти́моти", "Второе письмо Пауля к Тимофею", "Второе письмо Тимофею", "Второе послание Павла к Тимофею", "Второе послание Полоса к Тимотиосу", "Второе послание апостола Павла Тимофею", "Второе послание к Тимофею"]
    }
  ],
  "630": [
    {
      "ru": ["К Титу", "Письмо Пау́ля к Ти́тосу", "Письмо Пауля к Титу", "Письмо Титу", "Послание Павла к Титу", "Послание Полоса к Титосу", "Послание Титу", "Послание апостола Павла Титу", "Послание к Титу", "Тит", "Титу"]
    }
  ],
  "640": [
    {
      "ru": ["К Филимону", "Письмо Пау́ля к Филимо́ну", "Письмо Пауля к Филимону", "Письмо Филимону", "Послание Павла к Филимону", "Послание Полоса к Филимону", "Послание Филимону", "Послание апостола Павла Филимону", "Послание к Филимону", "Филимону", "Флм", "Фм"]
    }
  ],
  "650": [
    {
      "ru": ["Евр", "Евреям", "Ивр", "К Евреям", "Письмо Пауля к Эмигрантам (Евреям)", "Письмо Полоса к Иврии́м", "Письмо евреям", "Послание Павла к Евреям", "Послание Полоса к Иврим", "Послание апостола Павла к Евреям", "Послание евреям", "Послание к Евреям"]
    }
  ],
  "660": [
    {
      "ru": ["Всеобщее письмо Иакова", "Всеобщее письмо Йаако́ва", "Иак", "Иакова", "Общее послание Иакова", "Письмо Иакова", "Послание Иакова", "Соборное послание Иакова", "Соборное послание Яакова", "Яак", "Яакова", "Яку", "Якуб"]
    }
  ],
  "670": [
    {
      "ru": ["1 Кеф", "1 Кефы", "1 ПОСЛАНИЕ ПЕТРА", "1 Пе", "1 Пет", "1 Петира", "1 Петр", "1 Петра", "1 Петруса", "1 Пт", "1 Птр", "1 Пэт", "1 е Петра", "1-e Петра", "1-е Петра", "1-е посл Петра", "1Кеф", "1Кефы", "1ПОСЛАНИЕ ПЕТРА", "1Пе", "1Пет", "1Петира", "1Петр", "1Петра", "1Петруса", "1Пт", "1Птр", "1Пэт", "1е Петра", "I Кеф", "I Кефы", "I ПОСЛАНИЕ ПЕТРА", "I Пе", "I Пет", "I Петира", "I Петр", "I Петра", "I Петруса", "I Пт", "I Птр", "I Пэт", "I е Петра", "ПЕРВОЕ ОБЩЕЕ ПОСЛАНИЕ ПЕТРА", "Первое Петра", "Первое всеобщее письмо Петра", "Первое всеобщее письмо Пэ́троса", "Первое письмо Петра", "Первое послание Петра", "Первое послание апостола Петра", "Первое соборное послание Петра", "Первое соборное послание Пэтроса"]
    }
  ],
  "680": [
    {
      "ru": ["2 Кеф", "2 Кефы", "2 ПОСЛАНИЕ ПЕТРА", "2 Пе", "2 Пет", "2 Петира", "2 Петр", "2 Петра", "2 Петруса", "2 Пт", "2 Пэт", "2 е Петра", "2-e Петра", "2-е Петра", "2-е посл Петра", "2Кеф", "2Кефы", "2ПОСЛАНИЕ ПЕТРА", "2Пе", "2Пет", "2Петира", "2Петр", "2Петра", "2Петруса", "2Пт", "2Пэт", "2е Петра", "II Кеф", "II Кефы", "II ПОСЛАНИЕ ПЕТРА", "II Пе", "II Пет", "II Петира", "II Петр", "II Петра", "II Петруса", "II Пт", "II Пэт", "II е Петра", "ВТОРОЕ ОБЩЕЕ ПОСЛАНИЕ ПЕТРА", "Второе Петра", "Второе всеобщее письмо Петра", "Второе всеобщее письмо Пэ́троса", "Второе письмо Петра", "Второе послание Петра", "Второе послание апостола Петра", "Второе соборное послание Петра", "Второе соборное послание Пэтроса"]
    }
  ],
  "690": [
    {
      "ru": ["1 Ин", "1 Ио", "1 Иоанна", "1 Иохана", "1 Йох", "1 Йоханана", "1 ПОСЛАНИЕ ИОАННА", "1 е Иоанна", "1-e Иоанна", "1-е Иоанна", "1-е посл Иоанна", "1Ин", "1Ио", "1Иоанна", "1Иохана", "1Йох", "1Йоханана", "1ПОСЛАНИЕ ИОАННА", "1е Иоанна", "I Ин", "I Ио", "I Иоанна", "I Иохана", "I Йох", "I Йоханана", "I ПОСЛАНИЕ ИОАННА", "I е Иоанна", "ПЕРВОЕ ОБЩЕЕ ПОСЛАНИЕ ИОАННА", "Первое Иоанна", "Первое всеобщее письмо Иоанна", "Первое всеобщее письмо Йохана́на", "Первое письмо Иоанна", "Первое послание Иоанна", "Первое послание апостола Иоанна", "Первое соборное послание Иоанна", "Первое соборное послание Йоханана"]
    }
  ],
  "700": [
    {
      "ru": ["2 Ин", "2 Ио", "2 Иоанна", "2 Иохана", "2 Йох", "2 Йоханана", "2 ПОСЛАНИЕ ИОАННА", "2 е Иоанна", "2-e Иоанна", "2-е Иоанна", "2-е посл Иоанна", "2Ин", "2Ио", "2Иоанна", "2Иохана", "2Йох", "2Йоханана", "2ПОСЛАНИЕ ИОАННА", "2е Иоанна", "II Ин", "II Ио", "II Иоанна", "II Иохана", "II Йох", "II Йоханана", "II ПОСЛАНИЕ ИОАННА", "II е Иоанна", "Второе Иоанна", "Второе письмо Иоанна", "Второе письмо Йохана́на", "Второе послание Иоанна", "Второе послание Йоханана", "Второе послание апостола Иоанна"]
    }
  ],
  "710": [
    {
      "ru": ["3 Ин", "3 Ио", "3 Иоанна", "3 Иохана", "3 Йох", "3 Йоханана", "3 ПОСЛАНИЕ ИОАННА", "3 е Иоанна", "3-e Иоанна", "3-е Иоанна", "3-е посл Иоанна", "3Ин", "3Ио", "3Иоанна", "3Иохана", "3Йох", "3Йоханана", "3ПОСЛАНИЕ ИОАННА", "3е Иоанна", "III Ин", "III Ио", "III Иоанна", "III Иохана", "III Йох", "III Йоханана", "III ПОСЛАНИЕ ИОАННА", "III е Иоанна", "Третье Иоанна", "Третье письмо Иоанна", "Третье письмо Йохана́на", "Третье послание Иоанна", "Третье послание Йоханана", "Третье послание апостола Иоанна"]
    }
  ],
  "720": [
    {
      "ru": ["Всеобщее письмо Иуды", "Всеобщее письмо Йеѓу́ды", "Всеобщее письмо Йеҳу́ды", "Иуд", "Иуда", "Иуды", "Йехуд", "Йуда", "Общее послание Иуды", "Письмо Иуды", "Послание Иуды", "Соборное послание Иуды", "Соборное послание Йехуды"]
    }
  ],
  "730": [
    {
      "ru": ["Апока́липсис Иоанна Богослова", "Апокалипсис Иоанна Богослова", "Апокалипсис Йоханана", "Отк", "Откр", "Откровение", "Откровение Иоанна", "Откровение Иоанна Богослова", "Откровение ап Иоанна Богослова", "Откровение св Иоанна богослова", "Ґитґаљу́т", "Ґитґаљу́т Йохана́на", "Ҳитґаљу́т", "Ҳитґаљу́т Йохана́на"]
    }
  ],
  "790": [
    {
      "ru": ["Ман", "Молитва Манассии"]
    }
  ],
  "800": [
    {
      "ru": ["Оды ⚒"]
    }
  ],
  "801": [
    {
      "ru": ["Адам и Ева", "Об Адаме и Еве"]
    }
  ],
  "810": [
    {
      "ru": ["1 Енох¹★", "1Енох¹★", "I Енох¹★", "Первая книга Еноха (Эфиопский Енох, в 108 главах, LCVr перевод)"]
    }
  ],
  "811": [
    {
      "ru": ["1 Енох²", "1Енох²", "I Енох²", "Енох", "Книга Еноха (Эфиопский Енох в 108 главах, фрагменты греч текста: главы 1-32, 89:42-49, 97:1-5)", "Первая книга Еноха (Эфиопский Енох, в 108 главах)", "Сэ́фер Хано́х (Эфиопский Енох в 108 главах, фрагменты греч текста: главы 1-32, 89:42-49, 97:1-5)", "Хано́х"]
    }
  ],
  "812": [
    {
      "ru": ["1 Енох³", "1Енох³", "I Енох³", "Первая книга Еноха (Эфиопский Енох, альтернативный вариант, в 20 главах)"]
    }
  ],
  "813": [
    {
      "ru": ["1 Енох⁴", "1Енох⁴", "I Енох⁴", "Первая книга Еноха (Эфиопский Енох, осовремененный вариант, в 20 главах)"]
    }
  ],
  "831": [
    {
      "ru": ["2 Енох", "2Енох", "II Енох", "Вознесение Еноха"]
    }
  ],
  "833": [
    {
      "ru": ["Астрономическая Книга Еноха", "Енох Астрон"]
    }
  ],
  "835": [
    {
      "ru": ["Енох Славян", "Книга тайн Еноха (Славянская Книга Еноха)"]
    }
  ],
  "841": [
    {
      "ru": ["Книга Юбилеев или Малое Бытие", "Юбилеев"]
    }
  ],
  "851": [
    {
      "ru": ["Книга Праведного (Книга Яшар/Яшер)", "Праведного"]
    }
  ],
  "852": [
    {
      "ru": ["Ахиахар", "Книга Ахиахара премудрого"]
    }
  ],
  "853": [
    {
      "ru": ["Иосиф и Асенефь", "Книга Иосифа и Асенефи"]
    }
  ],
  "855": [
    {
      "ru": ["Аристей", "Письмо Аристея (Аристей Филократу)"]
    }
  ],
  "861": [
    {
      "ru": ["ЗавАдама", "Завещание Адама"]
    }
  ],
  "862": [
    {
      "ru": ["ЗавМоисея", "Завещание Моисея (Вознесение Моисея)"]
    }
  ],
  "863": [
    {
      "ru": ["ЗавИова", "Завещание Иова непорочного, жертвы, завоевателя во многих соревнованиях"]
    }
  ],
  "864": [
    {
      "ru": ["ЗавАвраама", "Завещание Авраама"]
    }
  ],
  "865": [
    {
      "ru": ["ЗавСоломона", "Завещание Соломона"]
    }
  ],
  "866": [
    {
      "ru": ["ЗавРувима", "Завещание Рувима, первородного сына Иакова и Лии"]
    }
  ],
  "867": [
    {
      "ru": ["ЗавСимеона", "Завещание Симеона, второго сына Иакова и Лии"]
    }
  ],
  "868": [
    {
      "ru": ["ЗавЛевия", "Завещание Левия, третьего сына Иакова и Лии"]
    }
  ],
  "869": [
    {
      "ru": ["ЗавИуды", "Завещание Иуды, четвёртого сына Иакова и Лии"]
    }
  ],
  "870": [
    {
      "ru": ["ЗавИссахара", "Завещание Иссахара, пятого сына Иакова и Лии"]
    }
  ],
  "871": [
    {
      "ru": ["ЗавЗавулона", "Завещание Завулона, шестого сына Иакова и Лии"]
    }
  ],
  "872": [
    {
      "ru": ["ЗавДана", "Завещание Дана, седьмого сына Иакова и Баллы"]
    }
  ],
  "873": [
    {
      "ru": ["ЗавНеффалима", "Завещание Неффалима, восьмого сына Иакова и Баллы"]
    }
  ],
  "874": [
    {
      "ru": ["ЗавГада", "Завещание Гада, девятого сына Иакова и Зелфы"]
    }
  ],
  "875": [
    {
      "ru": ["ЗавАсира", "Завещание Асира, десятого сына Иакова и Зелфы"]
    }
  ],
  "876": [
    {
      "ru": ["ЗавИосифа", "Завещание Иосифа, одиннадцатого сына Иакова и Рахили"]
    }
  ],
  "877": [
    {
      "ru": ["ЗавВениамина", "Завещание Вениамина, двенадцатого сына Иакова и Рахили"]
    }
  ],
  "882": [
    {
      "ru": ["АпокМоисея", "Апокалипсис Моисея"]
    }
  ],
  "883": [
    {
      "ru": ["АпокЕздры", "Апокалипсис Ездры"]
    }
  ],
  "884": [
    {
      "ru": ["АпокСофонии", "Апокалипсис Софонии"]
    }
  ],
  "885": [
    {
      "ru": ["АпокИоанна", "Откровение Иоанна Богослова (апокрифическое)"]
    }
  ],
  "886": [
    {
      "ru": ["АпокПетра", "Апокалипсис Петра (эфиопская версия)"]
    }
  ],
  "887": [
    {
      "ru": ["АпокПавла", "Откровение Павла (эфиопская версия)"]
    }
  ],
  "912": [
    {
      "ru": ["ЕвФомы", "Евангелие от Фомы"]
    }
  ],
  "921": [
    {
      "ru": ["3 Кор", "3Кор", "III Кор", "Третье послание ап Павла к Коринфянам"]
    }
  ],
  "931": [
    {
      "ru": ["1 Климента", "1Климента", "I Климента", "Послание Климента к Коринфянам"]
    }
  ],
  "941": [
    {
      "ru": ["1 Ермы", "1Ермы", "I Ермы", "Пастырь Ермы Книга 1 Видения"]
    }
  ],
  "942": [
    {
      "ru": ["2 Ермы", "2Ермы", "II Ермы", "Пастырь Ермы Книга 2 Заповеди"]
    }
  ],
  "943": [
    {
      "ru": ["3 Ермы", "3Ермы", "III Ермы", "Пастырь Ермы Книга 3 Подобия"]
    }
  ]
}