{
  "10": [
    {
      "pl": ["1 Mojż", "1Mojż", "I Mojż", "Ks Rodzaju", "Księga Rodzaju", "Pierwsza Księga Mojżeszowa", "Rdz"]
    }
  ],
  "20": [
    {
      "pl": ["2 Mojż", "2Mojż", "Druga Księga Mojżeszowa", "II Mojż", "Ks Wyjścia", "Księga Wyjścia", "Wj"]
    }
  ],
  "30": [
    {
      "pl": ["3 Mojż", "3Mojż", "III Mojż", "Kpł", "Ks Kapłańska", "Księga Kapłańska", "Trzecia Księga Mojżeszowa"]
    }
  ],
  "40": [
    {
      "pl": ["4 Mojż", "4Mojż", "Czwarta Księga Mojżeszowa", "IV Mojż", "Ks Liczb", "Księga Liczb", "Lb"]
    }
  ],
  "50": [
    {
      "pl": ["5 Mojż", "5Mojż", "Ks Powtórzonego Prawa", "Księga Powtórzonego Prawa", "Piąta Księga Mojżeszowa", "Pwt", "V Mojż"]
    }
  ],
  "60": [
    {
      "pl": ["Joz", "Ks Jozuego", "Księga Jozuego"]
    }
  ],
  "70": [
    {
      "pl": ["Ks Sędziów", "Księga Sędziów", "Sdz", "Sędz"]
    }
  ],
  "80": [
    {
      "pl": ["Ks Rut", "Księga Rut", "Rt", "Rut"]
    }
  ],
  "90": [
    {
      "pl": ["1 Ks Samuela", "1 Księga Samuela", "1 Sam", "1 Sm", "1Ks Samuela", "1Księga Samuela", "1Sam", "1Sm", "I Ks Samuela", "I Księga Samuela", "I Sam", "I Sm", "Pierwsza Księga Samuela"]
    }
  ],
  "100": [
    {
      "pl": ["2 Ks Samuela", "2 Księga Samuela", "2 Sam", "2 Sm", "2Ks Samuela", "2Księga Samuela", "2Sam", "2Sm", "Druga Księga Samuela", "II Ks Samuela", "II Księga Samuela", "II Sam", "II Sm"]
    }
  ],
  "110": [
    {
      "pl": ["1 Krl", "1 Król", "1 Ks Królewska", "1 Księga Królewska", "1Krl", "1Król", "1Ks Królewska", "1Księga Królewska", "I Krl", "I Król", "I Ks Królewska", "I Księga Królewska", "Pierwsza Księga Królewska"]
    }
  ],
  "120": [
    {
      "pl": ["2 Krl", "2 Król", "2 Ks Królewska", "2 Księga Królewska", "2Krl", "2Król", "2Ks Królewska", "2Księga Królewska", "Druga Księga Królewska", "II Krl", "II Król", "II Ks Królewska", "II Księga Królewska"]
    }
  ],
  "130": [
    {
      "pl": ["1 Krn", "1 Kron", "1 Ks Kronik", "1 Księga Kronik", "1Krn", "1Kron", "1Ks Kronik", "1Księga Kronik", "I Krn", "I Kron", "I Ks Kronik", "I Księga Kronik", "Pierwsza Księga Kronik"]
    }
  ],
  "140": [
    {
      "pl": ["2 Krn", "2 Kron", "2 Ks Kronik", "2 Księga Kronik", "2Krn", "2Kron", "2Ks Kronik", "2Księga Kronik", "Druga Księga Kronik", "II Krn", "II Kron", "II Ks Kronik", "II Księga Kronik"]
    }
  ],
  "150": [
    {
      "pl": ["Ezd", "Ezdr", "Ks Ezdrasza", "Księga Ezdrasza"]
    }
  ],
  "160": [
    {
      "pl": ["Ks Nehemiasza", "Księga Nehemiasza", "Ne", "Neh"]
    }
  ],
  "170": [
    {
      "pl": ["Ks Tobiasza", "Księga Tobiasza", "Tb", "Tob"]
    }
  ],
  "180": [
    {
      "pl": ["Jdt", "Ks Judyty", "Księga Judyty"]
    }
  ],
  "190": [
    {
      "pl": ["Est", "Ks Estery", "Księga Estery"]
    }
  ],
  "220": [
    {
      "pl": ["Hi", "Job", "Ks Hioba", "Księga Ijoba", "Księga Joba"]
    }
  ],
  "230": [
    {
      "pl": ["Ks Psalmów", "Księga Psalmów", "Ps"]
    }
  ],
  "240": [
    {
      "pl": ["Ks Przysłów", "Księga Przysłów", "Prz", "Przyp", "Przypowieści Salomona"]
    }
  ],
  "250": [
    {
      "pl": ["Kazn", "Koh", "Ks Koheleta", "Księga Kaznodziei Salomona", "Księga Koheleta"]
    }
  ],
  "260": [
    {
      "pl": ["Pieśń nad Pieśniami", "PnP"]
    }
  ],
  "270": [
    {
      "pl": ["Ks Mądrości", "Księga Mądrości", "Mdr", "Mąd"]
    }
  ],
  "280": [
    {
      "pl": ["Mądrość Syracha", "Syr"]
    }
  ],
  "290": [
    {
      "pl": ["Iz", "Izaj", "Ks Izajasza", "Księga Izajasza"]
    }
  ],
  "300": [
    {
      "pl": ["Jer", "Jr", "Ks Jeremiasza", "Księga Jeremiasza"]
    }
  ],
  "310": [
    {
      "pl": ["Lamentacje", "Lm", "Treny", "Treny Jeremiaszowe"]
    }
  ],
  "320": [
    {
      "pl": ["Ba", "Bar", "Ks Barucha", "Księga Barucha"]
    }
  ],
  "330": [
    {
      "pl": ["Ez", "Ks Ezechiela", "Księga Ezechiela"]
    }
  ],
  "340": [
    {
      "pl": ["Dan", "Dn", "Ks Daniela", "Księga Daniela"]
    }
  ],
  "350": [
    {
      "pl": ["Ks Ozeasza", "Księga Ozeasza", "Oz"]
    }
  ],
  "360": [
    {
      "pl": ["Jl", "Joel", "Ks Joela", "Księga Joela"]
    }
  ],
  "370": [
    {
      "pl": ["Am", "Ks Amosa", "Księga Amosa"]
    }
  ],
  "380": [
    {
      "pl": ["Ab", "Abd", "Ks Abdiasza", "Księga Abdiasza"]
    }
  ],
  "390": [
    {
      "pl": ["Jon", "Ks Jonasza", "Księga Jonasza"]
    }
  ],
  "400": [
    {
      "pl": ["Ks Micheasza", "Księga Micheasza", "Mi", "Mich"]
    }
  ],
  "410": [
    {
      "pl": ["Ks Nahuma", "Księga Nahuma", "Na", "Nah"]
    }
  ],
  "420": [
    {
      "pl": ["Ha", "Hab", "Ks Habakuka", "Księga Habakuka"]
    }
  ],
  "430": [
    {
      "pl": ["Ks Sofoniasza", "Księga Sofoniasza", "So", "Sof"]
    }
  ],
  "440": [
    {
      "pl": ["Ag", "Ks Aggeusza", "Księga Aggeusza"]
    }
  ],
  "450": [
    {
      "pl": ["Ks Zachariasza", "Księga Zachariasza", "Za", "Zach"]
    }
  ],
  "460": [
    {
      "pl": ["Ks Malachiasza", "Księga Malachiasza", "Mal", "Ml"]
    }
  ],
  "462": [
    {
      "pl": ["1 Ks Machabejska", "1 Księga Machabejska", "1 Ma", "1 Mch", "1Ks Machabejska", "1Księga Machabejska", "1Ma", "1Mch", "I Ks Machabejska", "I Księga Machabejska", "I Ma", "I Mch"]
    }
  ],
  "464": [
    {
      "pl": ["2 Ks Machabejska", "2 Księga Machabejska", "2 Ma", "2 Mch", "2Ks Machabejska", "2Księga Machabejska", "2Ma", "2Mch", "II Ks Machabejska", "II Księga Machabejska", "II Ma", "II Mch"]
    }
  ],
  "470": [
    {
      "pl": ["Ew wg św Mateusza", "Ewangelia wg św Mateusza", "Ewangelia św Mateusza", "Mat", "Mt"]
    }
  ],
  "480": [
    {
      "pl": ["Ew wg św Marka", "Ewangelia wg św Marka", "Ewangelia św Marka", "Mar", "Mk"]
    }
  ],
  "490": [
    {
      "pl": ["Ew wg św Łukasza", "Ewangelia wg św Łukasza", "Ewangelia św Łukasza", "Łk", "Łuk"]
    }
  ],
  "500": [
    {
      "pl": ["Ew wg św Jana", "Ewangelia wg św Jana", "Ewangelia św Jana", "J", "Jan"]
    }
  ],
  "510": [
    {
      "pl": ["Dz", "Dzieje Apostolskie"]
    }
  ],
  "520": [
    {
      "pl": ["List do Rzymian", "List św Pawła do Rzymian", "Rz", "Rzym"]
    }
  ],
  "530": [
    {
      "pl": ["1 Kor", "1 List do Koryntian", "1Kor", "1List do Koryntian", "I Kor", "I List do Koryntian", "Pierwszy list św Pawła do Koryntian"]
    }
  ],
  "540": [
    {
      "pl": ["2 Kor", "2 List do Koryntian", "2Kor", "2List do Koryntian", "Drugi list św Pawła do Koryntian", "II Kor", "II List do Koryntian"]
    }
  ],
  "550": [
    {
      "pl": ["Ga", "Gal", "List do Galatów", "List św Pawła do Galacjan"]
    }
  ],
  "560": [
    {
      "pl": ["Ef", "Efez", "List do Efezjan", "List św Pawła do Efezjan"]
    }
  ],
  "570": [
    {
      "pl": ["Fil", "Flp", "List do Filipian", "List św Pawła do Filipian"]
    }
  ],
  "580": [
    {
      "pl": ["Kol", "List do Kolosan", "List św Pawła do Kolosan"]
    }
  ],
  "590": [
    {
      "pl": ["1 List do Tesaloniczan", "1 Tes", "1List do Tesaloniczan", "1Tes", "I List do Tesaloniczan", "I Tes", "Pierwszy list św Pawła do Tesaloniczan"]
    }
  ],
  "600": [
    {
      "pl": ["2 List do Tesaloniczan", "2 Tes", "2List do Tesaloniczan", "2Tes", "Drugi list św Pawła do Tesaloniczan", "II List do Tesaloniczan", "II Tes"]
    }
  ],
  "610": [
    {
      "pl": ["1 List do Tymoteusza", "1 Tm", "1 Tym", "1List do Tymoteusza", "1Tm", "1Tym", "I List do Tymoteusza", "I Tm", "I Tym", "Pierwszy list św Pawła do Tymoteusza"]
    }
  ],
  "620": [
    {
      "pl": ["2 List do Tymoteusza", "2 Tm", "2 Tym", "2List do Tymoteusza", "2Tm", "2Tym", "Drugi list św Pawła do Tymoteusza", "II List do Tymoteusza", "II Tm", "II Tym"]
    }
  ],
  "630": [
    {
      "pl": ["List do Tytusa", "List św Pawła do Tytusa", "Tt", "Tyt"]
    }
  ],
  "640": [
    {
      "pl": ["Filem", "Flm", "List do Filemona", "List św Pawła do Filemona"]
    }
  ],
  "650": [
    {
      "pl": ["Hbr", "Hebr", "List do Hebrajczyków"]
    }
  ],
  "660": [
    {
      "pl": ["Jak", "Jk", "List św Jakuba"]
    }
  ],
  "670": [
    {
      "pl": ["1 List św Piotra", "1 P", "1 Piotr", "1List św Piotra", "1P", "1Piotr", "I List św Piotra", "I P", "I Piotr", "Pierwszy list św Piotra"]
    }
  ],
  "680": [
    {
      "pl": ["2 List św Piotra", "2 P", "2 Piotr", "2List św Piotra", "2P", "2Piotr", "Drugi list św Piotra", "II List św Piotra", "II P", "II Piotr"]
    }
  ],
  "690": [
    {
      "pl": ["1 J", "1 Jan", "1 List św Jana", "1J", "1Jan", "1List św Jana", "I J", "I Jan", "I List św Jana", "Pierwszy list św Jana"]
    }
  ],
  "700": [
    {
      "pl": ["2 J", "2 Jan", "2 List św Jana", "2J", "2Jan", "2List św Jana", "Drugi list św Jana", "II J", "II Jan", "II List św Jana"]
    }
  ],
  "710": [
    {
      "pl": ["3 J", "3 Jan", "3 List św Jana", "3J", "3Jan", "3List św Jana", "III J", "III Jan", "III List św Jana", "Trzeci list św Jana"]
    }
  ],
  "720": [
    {
      "pl": ["Jud", "Judy", "List św Judy"]
    }
  ],
  "730": [
    {
      "pl": ["Ap", "Apokalipsa św Jana", "Obj", "Objawienie św Jana"]
    }
  ]
}