{
  "lookAndFeelClassName": "com.formdev.flatlaf.themes.FlatMacLightLaf",
  "formatString": "%A %c:%v %X",
  "useModuleAbbreviations": false,
  "styles": {
    "infoText": {
      "fontName": "Noto Mono",
      "fontStyle": 0,
      "fontSize": 15,
      "color": -7985369,
      "superscript": false,
      "subscript": false
    },
    "strongsNumber": {
      "fontName": "Noto Sans",
      "fontStyle": 0,
      "fontSize": 13,
      "color": -11711077,
      "superscript": true,
      "subscript": false
    },
    "chapter": {
      "fontName": "Noto Sans",
      "fontStyle": 0,
      "fontSize": 10,
      "color": -13421569,
      "superscript": false,
      "subscript": false
    },
    "alternativeVerseText": {
      "fontName": "Noto Serif",
      "fontStyle": 0,
      "fontSize": 18,
      "color": -8355712,
      "superscript": false,
      "subscript": false
    },
    "morphologyInfo": {
      "fontName": "Noto Sans",
      "fontStyle": 2,
      "fontSize": 13,
      "color": -10979017,
      "superscript": true,
      "subscript": false
    },
    "wordsOfJesus": {
      "fontName": "Noto Serif",
      "fontStyle": 0,
      "fontSize": 18,
      "color": -1616555,
      "superscript": false,
      "subscript": false
    },
    "moduleName": {
      "fontName": "Noto Sans",
      "fontStyle": 2,
      "fontSize": 10,
      "color": -13140681,
      "superscript": false,
      "subscript": false
    },
    "defaultText": {
      "fontName": "Noto Sans",
      "fontStyle": 0,
      "fontSize": 10,
      "color": -13421569,
      "superscript": false,
      "subscript": false
    },
    "verse": {
      "fontName": "Noto Sans",
      "fontStyle": 0,
      "fontSize": 10,
      "color": -13421569,
      "superscript": false,
      "subscript": false
    },
    "bookName": {
      "fontName": "Noto Sans",
      "fontStyle": 0,
      "fontSize": 10,
      "color": -13421569,
      "superscript": false,
      "subscript": false
    },
    "verseText": {
      "fontName": "Noto Serif",
      "fontStyle": 0,
      "fontSize": 18,
      "color": -11912145,
      "superscript": false,
      "subscript": false
    }
  },
  "showRawJson": false,
  "textAreaBackground": -1
}